Demand,Wind,Solar
0.77,0.848188,0
0.79,0.744955,0
0.82,0.44993,0
0.8,0.555718,0
0.82,0.9196,0
0.86,0.503502,0.24
0.86,0.667165,0.42
0.81,0.897288,0.63
0.77,0.830687,0.77
0.77,0.696721,0.92
0.81,0.43115,1
0.84,0.595981,0.98
0.9,0.846832,0.93
0.92,0.865284,0.78
0.91,0.405968,0.58
0.89,0.571046,0.38
0.91,0.773498,0.17
0.97,0.879742,0
0.99,0.971079,0
1,0.689977,0
0.96,0.769071,0
0.93,0.906734,0
0.96,0.526915,0
0.98,0.409662,0
